Andeee Roark,1980-09-06,Player
Frasco Patillo,1987-05-19,Player
John Tan,2000-06-01,Person
Jane Smith,2000-02-01,Person
Amata Foreman,1973-04-12,Player
William Lin,1980-03-10,Staff
Evan O'Reilly,2004-04-15,Person
Allistir Buggy,1992-08-15,Player
Sally Jones,1995-06-19,Staff
Mike Green,2010-07-21,Person
Betty Wang,2003-12-25,Person
Eduino Hawney,1974-10-03,Player
Peggy Lots,1999-01-09,Player
Nicolina Mount,1991-07-07,Player
Gerrilee Frier,1973-11-27,Player
Jordanna Taffs,2005-11-01,Player
Othella Lillecrop,1985-12-16,Player
Ora Alyukin,2004-01-14,Player
Trenton Davidson,1984-06-20,Player
Nisse Woolley,1997-05-10,Player
Liana Ancketill,1975-07-24,Player
Bendix Camps,1996-06-22,Player
Scarlett Rump,2005-09-17,Player
Moise Dyble,1978-06-22,Player
Bethany McQuaide,1982-09-25,Player
Halli Klimke,2000-03-14,Player
