Allistir Buggy,1992-08-15,ONE BRAINCELL FOR FIVE,BLACKHEAVEN,3389
Amata Foreman,1973-04-12,WEEKEND WARRIORS,QTCUPCAKETV,2641
Eduino Hawney,1974-10-03,WEEKEND WARRIORS,SARUTAHIKO,3256
Peggy Lots,1999-01-09,JUST WING IT,MOOMOOKINS,3005
Nicolina Mount,1991-07-07,JUST WING IT,ASHBORED,2992
Gerrilee Frier,1973-11-27,ONE BRAINCELL FOR FIVE,KIRI,3395
Jordanna Taffs,2005-11-01,WEEKEND WARRIORS,TOTUMZ,3245
Othella Lillecrop,1985-12-16,JUST WING IT,MARTZEL,2992
Ora Alyukin,2004-01-14,KEKWS,PLAYMAKER,2660
Trenton Davidson,1984-06-20,ONE BRAINCELL FOR FIVE,NELADIL,3390
Nisse Woolley,1997-05-10,ONE BRAINCELL FOR FIVE,EYCHA,3383
Liana Ancketill,1975-07-24,WEEKEND WARRIORS,FAKESHOT,3013
Bendix Camps,1996-06-22,JUST WING IT,SORMARA,2893
Scarlett Rump,2005-09-17,JUST WING IT,LILIRUCA,2904
Moise Dyble,1978-06-22,KEKWS,HALRAG,2610
Bethany McQuaide,1982-09-25,ONE BRAINCELL FOR FIVE,NYLIE,3375
Halli Klimke,2000-03-14,WEEKEND WARRIORS,SUFFERETH,3245
Andeee Roark,1980-09-06,KEKWS,ISTARIA,2645
Frasco Patillo,1987-05-19,KEKWS,LUNAVIS,2638
